feature,importance,importance_std,perturbed_qwk
Medical_History_32,0.08707200968525985,0.0,0.5146916085767228
BMI,0.03255431242886919,0.0,0.5692093058331135
Product_Info_4,0.02900709341393115,0.0,0.5727565248480515
Medical_History_4,0.0255590951548047,0.0,0.576204523107178
Ins_Age,0.02122066442026016,0.0,0.5805429538417225
Wt,0.0208101706941326,0.0,0.5809534475678501
Medical_History_24,0.017569684138708408,0.0,0.5841939341232742
Insurance_History_1,0.016682785197495442,0.0,0.5850808330644872
Medical_History_20,0.01616905260317958,0.0,0.5855945656588031
Family_Hist_5,0.015348496955661872,0.0,0.5864151213063208
Medical_History_1,0.013787131551318832,0.0,0.5879764867106638
Employment_Info_6,0.013414866610019893,0.0,0.5883487516519628
Employment_Info_4,0.01027791626241259,0.0,0.5914857019995701
Employment_Info_1,0.007812849475438255,0.0,0.5939507687865444
Medical_Keyword_7,0.006773609697894645,0.0,0.594990008564088
Medical_History_7,0.006351916323515616,0.0,0.595411701938467
Medical_History_23,0.006348294038748259,0.0,0.5954153242232344
Medical_Keyword_16,0.005928940698086915,0.0,0.5958346775638957
Medical_History_15,0.005347741484731494,0.0,0.5964158767772512
Product_Info_6,0.004931104521745389,0.0,0.5968325137402373
Insurance_History_5,0.004509861099046164,0.0,0.5972537571629365
Medical_Keyword_33,0.00429380802621504,0.0,0.5974698102357676
Insurance_History_4,0.00429380802621504,0.0,0.5974698102357676
Medical_Keyword_48,0.00429380802621504,0.0,0.5974698102357676
Medical_History_14,0.00429380802621504,0.0,0.5974698102357676
Product_Info_3,0.00429380802621504,0.0,0.5974698102357676
Medical_Keyword_12,0.0038771772804315763,0.0,0.5978864409815511
Medical_Keyword_23,0.003265432654969369,0.0,0.5984981856070133
Medical_History_18,0.00322874041564003,0.0,0.5985348778463426
InsuredInfo_6,0.0027551609858087467,0.0,0.5990084572761739
Medical_History_34,0.0020860255698816887,0.0,0.599677592692101
Medical_History_9,0.0014179712539895695,0.0,0.6003456470079931
Medical_History_29,0.0014179712539895695,0.0,0.6003456470079931
Medical_Keyword_5,0.00040093856305645215,0.0,0.6013626796989262
Medical_Keyword_1,0.00040093856305645215,0.0,0.6013626796989262
Medical_Keyword_4,0.00040093856305645215,0.0,0.6013626796989262
Family_Hist_1,0.00040093856305645215,0.0,0.6013626796989262
Medical_Keyword_19,0.00040093856305645215,0.0,0.6013626796989262
InsuredInfo_4,0.00040093856305645215,0.0,0.6013626796989262
Product_Info_5,0.00040093856305645215,0.0,0.6013626796989262
Product_Info_7,0.00040093856305645215,0.0,0.6013626796989262
Medical_Keyword_44,0.00040093856305645215,0.0,0.6013626796989262
Employment_Info_5,0.00040093856305645215,0.0,0.6013626796989262
InsuredInfo_3,0.00040093856305645215,0.0,0.6013626796989262
Medical_Keyword_22,0.00040093856305645215,0.0,0.6013626796989262
Medical_Keyword_37,0.0003886767509867495,0.0,0.6013749415109959
Medical_History_33,0.0001983390019327791,0.0,0.6015652792600499
Medical_Keyword_9,0.0,0.0,0.6017636182619827
Medical_Keyword_24,0.0,0.0,0.6017636182619827
Medical_Keyword_20,0.0,0.0,0.6017636182619827
Medical_Keyword_46,0.0,0.0,0.6017636182619827
Medical_Keyword_13,0.0,0.0,0.6017636182619827
Medical_History_35,0.0,0.0,0.6017636182619827
Medical_History_38,0.0,0.0,0.6017636182619827
Medical_Keyword_43,0.0,0.0,0.6017636182619827
Medical_Keyword_38,0.0,0.0,0.6017636182619827
Medical_Keyword_29,0.0,0.0,0.6017636182619827
Medical_Keyword_2,0.0,0.0,0.6017636182619827
Medical_Keyword_17,0.0,0.0,0.6017636182619827
Medical_Keyword_27,0.0,0.0,0.6017636182619827
Medical_Keyword_35,0.0,0.0,0.6017636182619827
Medical_Keyword_6,0.0,0.0,0.6017636182619827
Medical_Keyword_31,0.0,0.0,0.6017636182619827
Medical_Keyword_8,0.0,0.0,0.6017636182619827
Medical_History_31,0.0,0.0,0.6017636182619827
Medical_History_27,0.0,0.0,0.6017636182619827
InsuredInfo_5,0.0,0.0,0.6017636182619827
InsuredInfo_2,0.0,0.0,0.6017636182619827
Medical_History_5,0.0,0.0,0.6017636182619827
InsuredInfo_7,0.0,0.0,0.6017636182619827
Medical_History_11,0.0,0.0,0.6017636182619827
Medical_Keyword_15,-0.00018162669478971605,0.0,0.6019452449567724
Medical_History_2,-0.0007067444838113612,0.0,0.602470362745794
Medical_Keyword_39,-0.0017778409899018577,0.0,0.6035414592518845
Medical_History_41,-0.0017778409899018577,0.0,0.6035414592518845
Medical_Keyword_30,-0.0017778409899018577,0.0,0.6035414592518845
Medical_Keyword_26,-0.0017778409899018577,0.0,0.6035414592518845
Medical_Keyword_21,-0.00200726650063765,0.0,0.6037708847626203
Medical_Keyword_18,-0.002170459356305443,0.0,0.6039340776182881
Medical_History_40,-0.002438497592126887,0.0,0.6042021158541095
InsuredInfo_1,-0.002912448131021095,0.0,0.6046760663930038
Medical_History_12,-0.0030548707819507692,0.0,0.6048184890439334
Medical_Keyword_10,-0.0032267299184706166,0.0,0.6049903481804533
Medical_History_3,-0.003550888425497445,0.0,0.6053145066874801
Family_Hist_2,-0.0038580653749024085,0.0,0.6056216836368851
Family_Hist_4,-0.004238108853734102,0.0,0.6060017271157168
Insurance_History_3,-0.004945669863870461,0.0,0.6067092881258531
Insurance_History_8,-0.00501030823983506,0.0,0.6067739265018177
Medical_Keyword_25,-0.00501030823983506,0.0,0.6067739265018177
Insurance_History_9,-0.00501030823983506,0.0,0.6067739265018177
Medical_History_28,-0.00501030823983506,0.0,0.6067739265018177
Medical_Keyword_40,-0.00501030823983506,0.0,0.6067739265018177
Employment_Info_3,-0.00501030823983506,0.0,0.6067739265018177
Medical_Keyword_45,-0.00501030823983506,0.0,0.6067739265018177
Medical_Keyword_47,-0.00501030823983506,0.0,0.6067739265018177
Insurance_History_7,-0.00501030823983506,0.0,0.6067739265018177
Product_Info_1,-0.00501030823983506,0.0,0.6067739265018177
Medical_History_25,-0.00501030823983506,0.0,0.6067739265018177
Medical_Keyword_41,-0.005964926348933752,0.0,0.6077285446109164
Medical_Keyword_34,-0.00642647273902841,0.0,0.6081900910010111
Medical_History_36,-0.006665827843670091,0.0,0.6084294461056527
Medical_History_16,-0.006916566725566287,0.0,0.608680184987549
Family_Hist_3,-0.007317857388355442,0.0,0.6090814756503381
Employment_Info_2,-0.007569283990415232,0.0,0.6093329022523979
Medical_History_30,-0.008196555657415172,0.0,0.6099601739193978
Medical_History_8,-0.008557889097606464,0.0,0.6103215073595891
Medical_Keyword_32,-0.008839411174999312,0.0,0.610603029436982
Medical_Keyword_42,-0.008839411174999312,0.0,0.610603029436982
Medical_Keyword_36,-0.008839411174999312,0.0,0.610603029436982
Medical_History_21,-0.008839411174999312,0.0,0.610603029436982
Medical_Keyword_28,-0.008839411174999312,0.0,0.610603029436982
Medical_Keyword_11,-0.009857395273248248,0.0,0.6116210135352309
Medical_History_19,-0.010991429275673537,0.0,0.6127550475376562
Medical_Keyword_14,-0.011278302196634393,0.0,0.613041920458617
Medical_History_17,-0.012811779858959094,0.0,0.6145753981209418
Medical_History_39,-0.013086164004640133,0.0,0.6148497822666228
Medical_History_6,-0.013103400188985925,0.0,0.6148670184509686
Medical_Keyword_3,-0.013389379592659956,0.0,0.6151529978546426
Product_Info_2,-0.014238424862538568,0.0,0.6160020431245212
Medical_History_22,-0.01589707119650363,0.0,0.6176606894584863
Medical_History_26,-0.01589707119650363,0.0,0.6176606894584863
Medical_History_37,-0.01691065116068302,0.0,0.6186742694226657
Medical_History_13,-0.021636941763537476,0.0,0.6234005600255201
Medical_History_10,-0.02452702744613877,0.0,0.6262906457081214
Insurance_History_2,-0.0246229423543457,0.0,0.6263865606163284
Ht,-0.02637369580667437,0.0,0.628137314068657
